{
  "token_acc":1.0,
  "token_p":1.0,
  "token_r":1.0,
  "token_f":1.0,
  "spans_sc_p":0.8113207547,
  "spans_sc_r":0.5,
  "spans_sc_f":0.618705036,
  "spans_sc_per_type":{
    "RECEIPT_ITEM_PRICE":{
      "p":0.829787234,
      "r":0.8666666667,
      "f":0.847826087
    },
    "RECEIPT_ITEM":{
      "p":1.0,
      "r":0.0217391304,
      "f":0.0425531915
    },
    "RECEIPT_ITEM_QUANTITY":{
      "p":0.8387096774,
      "r":0.7428571429,
      "f":0.7878787879
    },
    "RECEIPT_ITEM_NAME":{
      "p":0.7407407407,
      "r":0.4347826087,
      "f":0.5479452055
    }
  },
  "speed":55300.9238604427
}