{
  "token_acc":1.0,
  "token_p":1.0,
  "token_r":1.0,
  "token_f":1.0,
  "spans_sc_p":0.8303030303,
  "spans_sc_r":0.5905172414,
  "spans_sc_f":0.6901763224,
  "spans_sc_per_type":{
    "RECEIPT_ITEM_NAME":{
      "p":0.75,
      "r":0.6666666667,
      "f":0.7058823529
    },
    "RECEIPT_ITEM_PRICE":{
      "p":0.8837209302,
      "r":0.7755102041,
      "f":0.8260869565
    },
    "RECEIPT_ITEM":{
      "p":0.8846153846,
      "r":0.3650793651,
      "f":0.5168539326
    },
    "RECEIPT_ITEM_QUANTITY":{
      "p":0.85,
      "r":0.5964912281,
      "f":0.7010309278
    }
  },
  "speed":31051.6359640081
}